IMG20230912224156.jpg,buruk,0.28
IMG20230912224156.jpg,buruk,0.29
IMG20230912224156.jpg,buruk,0.31
IMG20230912224156.jpg,baik,0.35
IMG20230912224156.jpg,buruk,0.60
IMG20230912224156.jpg,baik,0.66
IMG20230912224156.jpg,buruk,0.72
IMG20230912224156.jpg,buruk,0.78
IMG20230912224156.jpg,buruk,0.78
IMG20230912224156.jpg,buruk,0.83
IMG20230912224156.jpg,buruk,0.84
IMG20230912224156.jpg,buruk,0.87
IMG20230912224156.jpg,buruk,0.91
IMG20230912224156.jpg,buruk,0.91
IMG20230912224156.jpg,buruk,0.93
IMG20230912224628.jpg,buruk,0.10
IMG20230912224628.jpg,sedang,0.16
IMG20230912224628.jpg,buruk,0.17
IMG20230912224628.jpg,buruk,0.27
IMG20230912224628.jpg,sedang,0.32
IMG20230912224628.jpg,buruk,0.45
IMG20230912224628.jpg,buruk,0.50
IMG20230912224628.jpg,buruk,0.50
IMG20230912224628.jpg,buruk,0.56
IMG20230912224628.jpg,sedang,0.64
IMG20230912224628.jpg,baik,0.69
IMG20230912224628.jpg,baik,0.78
IMG20230912224628.jpg,baik,0.81
IMG20230912224628.jpg,buruk,0.83
IMG20230912224628.jpg,baik,0.86
IMG20230912224628.jpg,baik,0.91
IMG20230912224628.jpg,sedang,0.96
IMG20230912224845.jpg,buruk,0.20
IMG20230912224845.jpg,baik,0.22
IMG20230912224845.jpg,buruk,0.23
IMG20230912224845.jpg,baik,0.25
IMG20230912224845.jpg,buruk,0.41
IMG20230912224845.jpg,buruk,0.50
IMG20230912224845.jpg,baik,0.51
IMG20230912224845.jpg,baik,0.59
IMG20230912224845.jpg,buruk,0.62
IMG20230912224845.jpg,baik,0.74
IMG20230912224845.jpg,baik,0.85
IMG20230912224845.jpg,baik,0.88
IMG20230912224845.jpg,baik,0.90
IMG20230912224845.jpg,baik,0.92
IMG20230912225126.jpg,buruk,0.16
IMG20230912225126.jpg,baik,0.24
IMG20230912225126.jpg,buruk,0.24
IMG20230912225126.jpg,buruk,0.26
IMG20230912225126.jpg,buruk,0.33
IMG20230912225126.jpg,buruk,0.34
IMG20230912225126.jpg,baik,0.42
IMG20230912225126.jpg,baik,0.50
IMG20230912225126.jpg,baik,0.57
IMG20230912225126.jpg,buruk,0.59
IMG20230912225126.jpg,baik,0.61
IMG20230912225126.jpg,buruk,0.65
IMG20230912225126.jpg,buruk,0.69
IMG20230912225126.jpg,buruk,0.70
IMG20230912225126.jpg,baik,0.86
IMG20230912225126.jpg,baik,0.88
IMG20230912225126.jpg,baik,0.89
IMG20230912225126.jpg,baik,0.92
IMG20230912225304.jpg,baik,0.10
IMG20230912225304.jpg,baik,0.11
IMG20230912225304.jpg,buruk,0.16
IMG20230912225304.jpg,buruk,0.20
IMG20230912225304.jpg,buruk,0.28
IMG20230912225304.jpg,buruk,0.29
IMG20230912225304.jpg,baik,0.47
IMG20230912225304.jpg,baik,0.48
IMG20230912225304.jpg,buruk,0.57
IMG20230912225304.jpg,buruk,0.79
IMG20230912225304.jpg,baik,0.81
IMG20230912225304.jpg,baik,0.89
IMG20230912225304.jpg,baik,0.91
IMG20230912225304.jpg,buruk,0.92
IMG20230912225304.jpg,baik,0.93
IMG20230912225304.jpg,baik,0.94
IMG20230912225304.jpg,buruk,0.96
IMG20230912225502.jpg,buruk,0.11
IMG20230912225502.jpg,buruk,0.12
IMG20230912225502.jpg,buruk,0.18
IMG20230912225502.jpg,buruk,0.25
IMG20230912225502.jpg,baik,0.33
IMG20230912225502.jpg,buruk,0.35
IMG20230912225502.jpg,buruk,0.38
IMG20230912225502.jpg,buruk,0.54
IMG20230912225502.jpg,buruk,0.58
IMG20230912225502.jpg,buruk,0.59
IMG20230912225502.jpg,baik,0.62
IMG20230912225502.jpg,baik,0.64
IMG20230912225502.jpg,buruk,0.72
IMG20230912225502.jpg,buruk,0.82
IMG20230912225502.jpg,buruk,0.83
IMG20230912225502.jpg,baik,0.89
IMG20230912225502.jpg,buruk,0.92
IMG20230912225502.jpg,baik,0.93
IMG20230912225558.jpg,buruk,0.14
IMG20230912225558.jpg,sedang,0.18
IMG20230912225558.jpg,buruk,0.27
IMG20230912225558.jpg,buruk,0.34
IMG20230912225558.jpg,baik,0.36
IMG20230912225558.jpg,buruk,0.43
IMG20230912225558.jpg,buruk,0.51
IMG20230912225558.jpg,buruk,0.54
IMG20230912225558.jpg,baik,0.60
IMG20230912225558.jpg,buruk,0.73
IMG20230912225558.jpg,buruk,0.76
IMG20230912225558.jpg,buruk,0.77
IMG20230912225558.jpg,buruk,0.78
IMG20230912225558.jpg,buruk,0.79
IMG20230912225558.jpg,buruk,0.83
IMG20230912225558.jpg,buruk,0.85
IMG20230912225558.jpg,buruk,0.86
IMG20230912225655.jpg,buruk,0.16
IMG20230912225655.jpg,buruk,0.20
IMG20230912225655.jpg,buruk,0.21
IMG20230912225655.jpg,buruk,0.22
IMG20230912225655.jpg,baik,0.32
IMG20230912225655.jpg,buruk,0.33
IMG20230912225655.jpg,baik,0.45
IMG20230912225655.jpg,buruk,0.61
IMG20230912225655.jpg,baik,0.72
IMG20230912225655.jpg,buruk,0.75
IMG20230912225655.jpg,baik,0.75
IMG20230912225655.jpg,baik,0.76
IMG20230912225655.jpg,buruk,0.82
IMG20230912225655.jpg,buruk,0.84
IMG20230912225655.jpg,buruk,0.88
IMG20230912225655.jpg,buruk,0.89
IMG20230912225655.jpg,buruk,0.91
IMG20230912225655.jpg,buruk,0.92
IMG20230912225747.jpg,buruk,0.11
IMG20230912225747.jpg,buruk,0.12
IMG20230912225747.jpg,buruk,0.12
IMG20230912225747.jpg,baik,0.23
IMG20230912225747.jpg,buruk,0.25
IMG20230912225747.jpg,baik,0.30
IMG20230912225747.jpg,buruk,0.30
IMG20230912225747.jpg,baik,0.44
IMG20230912225747.jpg,buruk,0.45
IMG20230912225747.jpg,baik,0.46
IMG20230912225747.jpg,buruk,0.52
IMG20230912225747.jpg,sedang,0.62
IMG20230912225747.jpg,baik,0.64
IMG20230912225747.jpg,buruk,0.81
IMG20230912225747.jpg,buruk,0.85
IMG20230912225747.jpg,buruk,0.87
IMG20230912225747.jpg,buruk,0.88
IMG20230912225747.jpg,buruk,0.90
IMG20230912225747.jpg,buruk,0.91
IMG20230912225747.jpg,buruk,0.94
IMG20230912225855.jpg,buruk,0.14
IMG20230912225855.jpg,buruk,0.25
IMG20230912225855.jpg,buruk,0.36
IMG20230912225855.jpg,buruk,0.41
IMG20230912225855.jpg,buruk,0.64
IMG20230912225855.jpg,buruk,0.65
IMG20230912225855.jpg,buruk,0.66
IMG20230912225855.jpg,sedang,0.74
IMG20230912225855.jpg,buruk,0.78
IMG20230912225855.jpg,baik,0.90
IMG20230912225855.jpg,baik,0.92
IMG20230912225855.jpg,baik,0.95
IMG20230912225855.jpg,buruk,0.96
